<?xml version="1.0" encoding="UTF-8"?>
<map>
    <!-- barriers -->
    <barriers>
        <!-- wall (01) -->
        <barrier>
            <position x="1128" y="65" />
            <size w="800" h="36" />
            <texture id="01" />
        </barrier>
        <barrier>
            <position x="1085" y="465" />
            <size w="36" h="393" />
            <texture id="01" />
        </barrier>
        <barrier>
            <position x="1935" y="465" />
            <size w="36" h="393" />
            <texture id="01" />
        </barrier>
        <barrier>
            <position x="458" y="508" />
            <size w="620" h="36" />
            <texture id="01" />
        </barrier>
        <barrier>
            <position x="1978" y="508" />
            <size w="620" h="36" />
            <texture id="01" />
        </barrier>
        <barrier>
            <position x="415" y="465" />
            <size w="36" h="184" />
            <texture id="01" />
        </barrier>
        <barrier>
            <position x="2605" y="465" />
            <size w="36" h="184" />
            <texture id="01" />
        </barrier>
        <barrier>
            <position x="88" y="274" />
            <size w="320" h="36" />
            <texture id="01" />
        </barrier>
        <barrier>
            <position x="45" y="1025" />
            <size w="36" h="744" />
            <texture id="01" />
        </barrier>
        <barrier>
            <position x="88" y="1068" />
            <size w="320" h="36" />
            <texture id="01" />
        </barrier>
        <barrier>
            <position x="415" y="1025" />
            <size w="36" h="125" />
            <texture id="01" />
        </barrier>
        <barrier>
            <position x="458" y="893" />
            <size w="620" h="36" />
            <texture id="01" />
        </barrier>
        <barrier>
            <position x="1085" y="945" />
            <size w="36" h="45" />
            <texture id="01" />
        </barrier>
        <barrier>
            <position x="1128" y="988" />
            <size w="800" h="36" />
            <texture id="01" />
        </barrier>
        <barrier>
            <position x="1935" y="945" />
            <size w="36" h="45" />
            <texture id="01" />
        </barrier>
        <barrier>
            <position x="1978" y="893" />
            <size w="620" h="36" />
            <texture id="01" />
        </barrier>
        <barrier>
            <position x="2605" y="1025" />
            <size w="36" h="125" />
            <texture id="01" />
        </barrier>
        <barrier>
            <position x="2648" y="1068" />
            <size w="320" h="36" />
            <texture id="01" />
        </barrier>
        <barrier>
            <position x="2648" y="274" />
            <size w="320" h="36" />
            <texture id="01" />
        </barrier>
        <barrier>
            <position x="2975" y="1025" />
            <size w="36" h="744" />
            <texture id="01" />
        </barrier>
        
        <!-- wall_pillar (02) -->
        <barrier>
            <position x="1078" y="72" />
            <size w="50" h="50" />
            <texture id="02" />
        </barrier>
        <barrier>
            <position x="1928" y="72" />
            <size w="50" h="50" />
            <texture id="02" />
        </barrier>
        <barrier>
            <position x="1928" y="515" />
            <size w="50" h="50" />
            <texture id="02" />
        </barrier>
        <barrier>
            <position x="1078" y="515" />
            <size w="50" h="50" />
            <texture id="02" />
        </barrier>
        <barrier>
            <position x="408" y="515" />
            <size w="50" h="50" />
            <texture id="02" />
        </barrier>
        <barrier>
            <position x="408" y="281" />
            <size w="50" h="50" />
            <texture id="02" />
        </barrier>
        <barrier>
            <position x="2598" y="515" />
            <size w="50" h="50" />
            <texture id="02" />
        </barrier>
        <barrier>
            <position x="2598" y="281" />
            <size w="50" h="50" />
            <texture id="02" />
        </barrier>
        <barrier>
            <position x="38" y="281" />
            <size w="50" h="50" />
            <texture id="02" />
        </barrier>
        <barrier>
            <position x="38" y="1075" />
            <size w="50" h="50" />
            <texture id="02" />
        </barrier>
        <barrier>
            <position x="408" y="1075" />
            <size w="50" h="50" />
            <texture id="02" />
        </barrier>
        <barrier>
            <position x="408" y="900" />
            <size w="50" h="50" />
            <texture id="02" />
        </barrier>
        <barrier>
            <position x="1078" y="900" />
            <size w="50" h="50" />
            <texture id="02" />
        </barrier>
        <barrier>
            <position x="1078" y="995" />
            <size w="50" h="50" />
            <texture id="02" />
        </barrier>
        <barrier>
            <position x="1928" y="995" />
            <size w="50" h="50" />
            <texture id="02" />
        </barrier>
        <barrier>
            <position x="1928" y="900" />
            <size w="50" h="50" />
            <texture id="02" />
        </barrier>
        <barrier>
            <position x="2598" y="900" />
            <size w="50" h="50" />
            <texture id="02" />
        </barrier>
        <barrier>
            <position x="2598" y="1075" />
            <size w="50" h="50" />
            <texture id="02" />
        </barrier>
        <barrier>
            <position x="2968" y="281" />
            <size w="50" h="50" />
            <texture id="02" />
        </barrier>
        <barrier>
            <position x="2968" y="1075" />
            <size w="50" h="50" />
            <texture id="02" />
        </barrier>
        
        <!-- pillar (04) -->
        <barrier>
            <position x="1271" y="710" />
            <size w="60" h="60" />
            <texture id="03" />
        </barrier>
        <barrier>
            <position x="1499" y="710" />
            <size w="60" h="60" />
            <texture id="03" />
        </barrier>
        <barrier>
            <position x="1740" y="710" />
            <size w="60" h="60" />
            <texture id="03" />
        </barrier>
        
        <!-- sofa (03) -->
        <barrier>
            <position x="1212" y="947" />
            <size w="200" h="90" />
            <texture id="04" />
        </barrier>
        <barrier>
            <position x="1434" y="947" />
            <size w="200" h="90" />
            <texture id="04" />
        </barrier>
        <barrier>
            <position x="1655" y="947" />
            <size w="200" h="90" />
            <texture id="04" />
        </barrier>
        
        <!-- crate (05) -->
        <barrier>
            <position x="1470" y="510" />
            <size w="120" h="240" />
            <texture id="06" />
        </barrier>
        <barrier>
            <position x="845" y="628" />
            <size w="120" h="120" />
            <texture id="05" />
        </barrier>
        <barrier>
            <position x="584" y="857" />
            <size w="120" h="120" />
            <texture id="05" />
        </barrier>
        <barrier>
            <position x="2097" y="857" />
            <size w="120" h="120" />
            <texture id="05" />
        </barrier>
        <barrier>
            <position x="2377" y="628" />
            <size w="120" h="120" />
            <texture id="05" />
        </barrier>
    </barriers>

    <!-- floor tiles -->
    <floor>
        <tile>
            <position x="1121" y="65" />
            <size w="100" h="100" />
        </tile>
        <tile>
            <position x="1221" y="65" />
            <size w="100" h="100" />
        </tile>
        <tile>
            <position x="1321" y="65" />
            <size w="100" h="100" />
        </tile>
        <tile>
            <position x="1421" y="65" />
            <size w="100" h="100" />
        </tile>
        <tile>
            <position x="1521" y="65" />
            <size w="100" h="100" />
        </tile>
        <tile>
            <position x="1621" y="65" />
            <size w="100" h="100" />
        </tile>
        <tile>
            <position x="1721" y="65" />
            <size w="100" h="100" />
        </tile>
        <tile>
            <position x="1821" y="65" />
            <size w="100" h="100" />
        </tile>
        <tile>
            <position x="1921" y="65" />
            <size w="14" h="100" />
        </tile>
        <tile>
            <position x="1121" y="165" />
            <size w="100" h="100" />
        </tile>
        <tile>
            <position x="1221" y="165" />
            <size w="100" h="100" />
        </tile>
        <tile>
            <position x="1321" y="165" />
            <size w="100" h="100" />
        </tile>
        <tile>
            <position x="1421" y="165" />
            <size w="100" h="100" />
        </tile>
        <tile>
            <position x="1521" y="165" />
            <size w="100" h="100" />
        </tile>
        <tile>
            <position x="1621" y="165" />
            <size w="100" h="100" />
        </tile>
        <tile>
            <position x="1721" y="165" />
            <size w="100" h="100" />
        </tile>
        <tile>
            <position x="1821" y="165" />
            <size w="100" h="100" />
        </tile>
        <tile>
            <position x="1921" y="165" />
            <size w="14" h="100" />
        </tile>
        <tile>
            <position x="1121" y="265" />
            <size w="100" h="100" />
        </tile>
        <tile>
            <position x="1221" y="265" />
            <size w="100" h="100" />
        </tile>
        <tile>
            <position x="1321" y="265" />
            <size w="100" h="100" />
        </tile>
        <tile>
            <position x="1421" y="265" />
            <size w="100" h="100" />
        </tile>
        <tile>
            <position x="1521" y="265" />
            <size w="100" h="100" />
        </tile>
        <tile>
            <position x="1621" y="265" />
            <size w="100" h="100" />
        </tile>
        <tile>
            <position x="1721" y="265" />
            <size w="100" h="100" />
        </tile>
        <tile>
            <position x="1821" y="265" />
            <size w="100" h="100" />
        </tile>
        <tile>
            <position x="1921" y="265" />
            <size w="14" h="100" />
        </tile>
        <tile>
            <position x="1121" y="365" />
            <size w="100" h="100" />
        </tile>
        <tile>
            <position x="1221" y="365" />
            <size w="100" h="100" />
        </tile>
        <tile>
            <position x="1321" y="365" />
            <size w="100" h="100" />
        </tile>
        <tile>
            <position x="1421" y="365" />
            <size w="100" h="100" />
        </tile>
        <tile>
            <position x="1521" y="365" />
            <size w="100" h="100" />
        </tile>
        <tile>
            <position x="1621" y="365" />
            <size w="100" h="100" />
        </tile>
        <tile>
            <position x="1721" y="365" />
            <size w="100" h="100" />
        </tile>
        <tile>
            <position x="1821" y="365" />
            <size w="100" h="100" />
        </tile>
        <tile>
            <position x="1921" y="365" />
            <size w="14" h="100" />
        </tile>
        <tile>
            <position x="1121" y="465" />
            <size w="100" h="100" />
        </tile>
        <tile>
            <position x="1221" y="465" />
            <size w="100" h="100" />
        </tile>
        <tile>
            <position x="1321" y="465" />
            <size w="100" h="100" />
        </tile>
        <tile>
            <position x="1421" y="465" />
            <size w="100" h="100" />
        </tile>
        <tile>
            <position x="1521" y="465" />
            <size w="100" h="100" />
        </tile>
        <tile>
            <position x="1621" y="465" />
            <size w="100" h="100" />
        </tile>
        <tile>
            <position x="1721" y="465" />
            <size w="100" h="100" />
        </tile>
        <tile>
            <position x="1821" y="465" />
            <size w="100" h="100" />
        </tile>
        <tile>
            <position x="1921" y="465" />
            <size w="20" h="100" />
        </tile>
        <tile>
            <position x="1121" y="565" />
            <size w="100" h="100" />
        </tile>
        <tile>
            <position x="1221" y="565" />
            <size w="100" h="100" />
        </tile>
        <tile>
            <position x="1321" y="565" />
            <size w="100" h="100" />
        </tile>
        <tile>
            <position x="1421" y="565" />
            <size w="100" h="100" />
        </tile>
        <tile>
            <position x="1521" y="565" />
            <size w="100" h="100" />
        </tile>
        <tile>
            <position x="1621" y="565" />
            <size w="100" h="100" />
        </tile>
        <tile>
            <position x="1721" y="565" />
            <size w="100" h="100" />
        </tile>
        <tile>
            <position x="1821" y="565" />
            <size w="100" h="100" />
        </tile>
        <tile>
            <position x="1921" y="565" />
            <size w="20" h="100" />
        </tile>
        <tile>
            <position x="1121" y="665" />
            <size w="100" h="100" />
        </tile>
        <tile>
            <position x="1221" y="665" />
            <size w="100" h="100" />
        </tile>
        <tile>
            <position x="1321" y="665" />
            <size w="100" h="100" />
        </tile>
        <tile>
            <position x="1421" y="665" />
            <size w="100" h="100" />
        </tile>
        <tile>
            <position x="1521" y="665" />
            <size w="100" h="100" />
        </tile>
        <tile>
            <position x="1621" y="665" />
            <size w="100" h="100" />
        </tile>
        <tile>
            <position x="1721" y="665" />
            <size w="100" h="100" />
        </tile>
        <tile>
            <position x="1821" y="665" />
            <size w="100" h="100" />
        </tile>
        <tile>
            <position x="1921" y="665" />
            <size w="20" h="100" />
        </tile>
        <tile>
            <position x="1121" y="765" />
            <size w="100" h="100" />
        </tile>
        <tile>
            <position x="1221" y="765" />
            <size w="100" h="100" />
        </tile>
        <tile>
            <position x="1321" y="765" />
            <size w="100" h="100" />
        </tile>
        <tile>
            <position x="1421" y="765" />
            <size w="100" h="100" />
        </tile>
        <tile>
            <position x="1521" y="765" />
            <size w="100" h="100" />
        </tile>
        <tile>
            <position x="1621" y="765" />
            <size w="100" h="100" />
        </tile>
        <tile>
            <position x="1721" y="765" />
            <size w="100" h="100" />
        </tile>
        <tile>
            <position x="1821" y="765" />
            <size w="100" h="100" />
        </tile>
        <tile>
            <position x="1921" y="765" />
            <size w="20" h="100" />
        </tile>
        <tile>
            <position x="1121" y="865" />
            <size w="100" h="100" />
        </tile>
        <tile>
            <position x="1221" y="865" />
            <size w="100" h="100" />
        </tile>
        <tile>
            <position x="1321" y="865" />
            <size w="100" h="100" />
        </tile>
        <tile>
            <position x="1421" y="865" />
            <size w="100" h="100" />
        </tile>
        <tile>
            <position x="1521" y="865" />
            <size w="100" h="100" />
        </tile>
        <tile>
            <position x="1621" y="865" />
            <size w="100" h="100" />
        </tile>
        <tile>
            <position x="1721" y="865" />
            <size w="100" h="100" />
        </tile>
        <tile>
            <position x="1821" y="865" />
            <size w="100" h="100" />
        </tile>
        <tile>
            <position x="1921" y="865" />
            <size w="14" h="100" />
        </tile>
        <tile>
            <position x="81" y="274" />
            <size w="100" h="100" />
        </tile>
        <tile>
            <position x="181" y="274" />
            <size w="100" h="100" />
        </tile>
        <tile>
            <position x="281" y="274" />
            <size w="100" h="100" />
        </tile>
        <tile>
            <position x="381" y="274" />
            <size w="34" h="100" />
        </tile>
        <tile>
            <position x="81" y="374" />
            <size w="100" h="100" />
        </tile>
        <tile>
            <position x="181" y="374" />
            <size w="100" h="100" />
        </tile>
        <tile>
            <position x="281" y="374" />
            <size w="100" h="100" />
        </tile>
        <tile>
            <position x="381" y="374" />
            <size w="34" h="100" />
        </tile>
        <tile>
            <position x="81" y="474" />
            <size w="100" h="100" />
        </tile>
        <tile>
            <position x="181" y="474" />
            <size w="100" h="100" />
        </tile>
        <tile>
            <position x="281" y="474" />
            <size w="100" h="100" />
        </tile>
        <tile>
            <position x="381" y="474" />
            <size w="40" h="100" />
        </tile>
        <tile>
            <position x="81" y="574" />
            <size w="100" h="100" />
        </tile>
        <tile>
            <position x="181" y="574" />
            <size w="100" h="100" />
        </tile>
        <tile>
            <position x="281" y="574" />
            <size w="100" h="100" />
        </tile>
        <tile>
            <position x="381" y="574" />
            <size w="40" h="100" />
        </tile>
        <tile>
            <position x="81" y="674" />
            <size w="100" h="100" />
        </tile>
        <tile>
            <position x="181" y="674" />
            <size w="100" h="100" />
        </tile>
        <tile>
            <position x="281" y="674" />
            <size w="100" h="100" />
        </tile>
        <tile>
            <position x="381" y="674" />
            <size w="40" h="100" />
        </tile>
        <tile>
            <position x="81" y="774" />
            <size w="100" h="100" />
        </tile>
        <tile>
            <position x="181" y="774" />
            <size w="100" h="100" />
        </tile>
        <tile>
            <position x="281" y="774" />
            <size w="100" h="100" />
        </tile>
        <tile>
            <position x="381" y="774" />
            <size w="40" h="100" />
        </tile>
        <tile>
            <position x="81" y="874" />
            <size w="100" h="100" />
        </tile>
        <tile>
            <position x="181" y="874" />
            <size w="100" h="100" />
        </tile>
        <tile>
            <position x="281" y="874" />
            <size w="100" h="100" />
        </tile>
        <tile>
            <position x="381" y="874" />
            <size w="34" h="100" />
        </tile>
        <tile>
            <position x="81" y="974" />
            <size w="100" h="58" />
        </tile>
        <tile>
            <position x="181" y="974" />
            <size w="100" h="58" />
        </tile>
        <tile>
            <position x="281" y="974" />
            <size w="100" h="58" />
        </tile>
        <tile>
            <position x="381" y="974" />
            <size w="34" h="87" />
        </tile>
        <tile>
            <position x="2641" y="274" />
            <size w="100" h="100" />
        </tile>
        <tile>
            <position x="2741" y="274" />
            <size w="100" h="100" />
        </tile>
        <tile>
            <position x="2841" y="274" />
            <size w="100" h="100" />
        </tile>
        <tile>
            <position x="2641" y="374" />
            <size w="100" h="100" />
        </tile>
        <tile>
            <position x="2741" y="374" />
            <size w="100" h="100" />
        </tile>
        <tile>
            <position x="2841" y="374" />
            <size w="100" h="100" />
        </tile>
        <tile>
            <position x="2641" y="474" />
            <size w="100" h="100" />
        </tile>
        <tile>
            <position x="2741" y="474" />
            <size w="100" h="100" />
        </tile>
        <tile>
            <position x="2841" y="474" />
            <size w="100" h="100" />
        </tile>
        <tile>
            <position x="2641" y="574" />
            <size w="100" h="100" />
        </tile>
        <tile>
            <position x="2741" y="574" />
            <size w="100" h="100" />
        </tile>
        <tile>
            <position x="2841" y="574" />
            <size w="100" h="100" />
        </tile>
        <tile>
            <position x="2641" y="674" />
            <size w="100" h="100" />
        </tile>
        <tile>
            <position x="2741" y="674" />
            <size w="100" h="100" />
        </tile>
        <tile>
            <position x="2841" y="674" />
            <size w="100" h="100" />
        </tile>
        <tile>
            <position x="2641" y="774" />
            <size w="100" h="100" />
        </tile>
        <tile>
            <position x="2741" y="774" />
            <size w="100" h="100" />
        </tile>
        <tile>
            <position x="2841" y="774" />
            <size w="100" h="100" />
        </tile>
        <tile>
            <position x="2641" y="874" />
            <size w="100" h="100" />
        </tile>
        <tile>
            <position x="2741" y="874" />
            <size w="100" h="100" />
        </tile>
        <tile>
            <position x="2841" y="874" />
            <size w="100" h="100" />
        </tile>
        <tile>
            <position x="2641" y="974" />
            <size w="100" h="58" />
        </tile>
        <tile>
            <position x="2741" y="974" />
            <size w="100" h="58" />
        </tile>
        <tile>
            <position x="2841" y="974" />
            <size w="100" h="58" />
        </tile>
        <tile>
            <position x="451" y="508" />
            <size w="100" h="100" />
        </tile>
        <tile>
            <position x="551" y="508" />
            <size w="100" h="100" />
        </tile>
        <tile>
            <position x="651" y="508" />
            <size w="100" h="100" />
        </tile>
        <tile>
            <position x="751" y="508" />
            <size w="100" h="100" />
        </tile>
        <tile>
            <position x="851" y="508" />
            <size w="100" h="100" />
        </tile>
        <tile>
            <position x="951" y="508" />
            <size w="100" h="100" />
        </tile>
        <tile>
            <position x="1051" y="508" />
            <size w="35" h="100" />
        </tile>
        <tile>
            <position x="451" y="608" />
            <size w="100" h="100" />
        </tile>
        <tile>
            <position x="551" y="608" />
            <size w="100" h="100" />
        </tile>
        <tile>
            <position x="651" y="608" />
            <size w="100" h="100" />
        </tile>
        <tile>
            <position x="751" y="608" />
            <size w="100" h="100" />
        </tile>
        <tile>
            <position x="851" y="608" />
            <size w="100" h="100" />
        </tile>
        <tile>
            <position x="951" y="608" />
            <size w="100" h="100" />
        </tile>
        <tile>
            <position x="1051" y="608" />
            <size w="35" h="100" />
        </tile>
        <tile>
            <position x="451" y="708" />
            <size w="100" h="100" />
        </tile>
        <tile>
            <position x="551" y="708" />
            <size w="100" h="100" />
        </tile>
        <tile>
            <position x="651" y="708" />
            <size w="100" h="100" />
        </tile>
        <tile>
            <position x="751" y="708" />
            <size w="100" h="100" />
        </tile>
        <tile>
            <position x="851" y="708" />
            <size w="100" h="100" />
        </tile>
        <tile>
            <position x="951" y="708" />
            <size w="100" h="100" />
        </tile>
        <tile>
            <position x="1051" y="708" />
            <size w="35" h="100" />
        </tile>
        <tile>
            <position x="451" y="808" />
            <size w="100" h="60" />
        </tile>
        <tile>
            <position x="551" y="808" />
            <size w="100" h="60" />
        </tile>
        <tile>
            <position x="651" y="808" />
            <size w="100" h="60" />
        </tile>
        <tile>
            <position x="751" y="808" />
            <size w="100" h="60" />
        </tile>
        <tile>
            <position x="851" y="808" />
            <size w="100" h="60" />
        </tile>
        <tile>
            <position x="951" y="808" />
            <size w="100" h="60" />
        </tile>
        <tile>
            <position x="1051" y="808" />
            <size w="35" h="79" />
        </tile>
        <tile>
            <position x="1970" y="508" />
            <size w="100" h="100" />
        </tile>
        <tile>
            <position x="2070" y="508" />
            <size w="100" h="100" />
        </tile>
        <tile>
            <position x="2170" y="508" />
            <size w="100" h="100" />
        </tile>
        <tile>
            <position x="2270" y="508" />
            <size w="100" h="100" />
        </tile>
        <tile>
            <position x="2370" y="508" />
            <size w="100" h="100" />
        </tile>
        <tile>
            <position x="2470" y="508" />
            <size w="100" h="100" />
        </tile>
        <tile>
            <position x="2570" y="508" />
            <size w="35" h="100" />
        </tile>
        <tile>
            <position x="1970" y="608" />
            <size w="100" h="100" />
        </tile>
        <tile>
            <position x="2070" y="608" />
            <size w="100" h="100" />
        </tile>
        <tile>
            <position x="2170" y="608" />
            <size w="100" h="100" />
        </tile>
        <tile>
            <position x="2270" y="608" />
            <size w="100" h="100" />
        </tile>
        <tile>
            <position x="2370" y="608" />
            <size w="100" h="100" />
        </tile>
        <tile>
            <position x="2470" y="608" />
            <size w="100" h="100" />
        </tile>
        <tile>
            <position x="2570" y="608" />
            <size w="35" h="100" />
        </tile>
        <tile>
            <position x="1970" y="708" />
            <size w="100" h="100" />
        </tile>
        <tile>
            <position x="2070" y="708" />
            <size w="100" h="100" />
        </tile>
        <tile>
            <position x="2170" y="708" />
            <size w="100" h="100" />
        </tile>
        <tile>
            <position x="2270" y="708" />
            <size w="100" h="100" />
        </tile>
        <tile>
            <position x="2370" y="708" />
            <size w="100" h="100" />
        </tile>
        <tile>
            <position x="2470" y="708" />
            <size w="100" h="100" />
        </tile>
        <tile>
            <position x="2570" y="708" />
            <size w="35" h="100" />
        </tile>
        <tile>
            <position x="1970" y="808" />
            <size w="100" h="60" />
        </tile>
        <tile>
            <position x="2070" y="808" />
            <size w="100" h="60" />
        </tile>
        <tile>
            <position x="2170" y="808" />
            <size w="100" h="60" />
        </tile>
        <tile>
            <position x="2270" y="808" />
            <size w="100" h="60" />
        </tile>
        <tile>
            <position x="2370" y="808" />
            <size w="100" h="60" />
        </tile>
        <tile>
            <position x="2470" y="808" />
            <size w="100" h="60" />
        </tile>
        <tile>
            <position x="2570" y="808" />
            <size w="35" h="81" />
        </tile>
        <tile>
            <position x="2941" y="274" />
            <size w="34" h="100" />
        </tile>
        <tile>
            <position x="2941" y="374" />
            <size w="34" h="100" />
        </tile>
        <tile>
            <position x="2941" y="474" />
            <size w="34" h="100" />
        </tile>
        <tile>
            <position x="2941" y="574" />
            <size w="34" h="100" />
        </tile>
        <tile>
            <position x="2941" y="674" />
            <size w="34" h="100" />
        </tile>
        <tile>
            <position x="2941" y="774" />
            <size w="34" h="100" />
        </tile>
        <tile>
            <position x="2941" y="874" />
            <size w="34" h="100" />
        </tile>
        <tile>
            <position x="2941" y="974" />
            <size w="34" h="86" />
        </tile>
    </floor>



    <!-- sites -->
    <sites>
        <site>
            <position x="88" y="1025" />
            <size w="320" h="744" />
            <team id="1" />
        </site>
        <site>
            <position x="2648" y="1025" />
            <size w="320" h="744" />
            <team id="2" />
        </site>
    </sites>

    <!-- traps -->
    <traps>
        <!-- ice trap -->
        <trap>
            <position x="1433" y="647" />
            <size w="194" h="132" />
            <texture id="10" />
            <type name="water" />
        </trap>
        <!-- sand trap -->
        <trap>
            <position x="991" y="748" />
            <size w="243" h="141" />
            <texture id="11" />
            <type name="sand" />
        </trap>
        <trap>
            <position x="1838" y="685" />
            <size w="243" h="141" />
            <texture id="11" />
            <type name="sand" />
        </trap>
    </traps>
</map>
