 <objectgroup id="6" name="floor">
  <object id="125" x="1121" y="65" width="100" height="100"/>
  <object id="126" x="1221" y="65" width="100" height="100"/>
  <object id="127" x="1321" y="65" width="100" height="100"/>
  <object id="128" x="1421" y="65" width="100" height="100"/>
  <object id="129" x="1521" y="65" width="100" height="100"/>
  <object id="130" x="1621" y="65" width="100" height="100"/>
  <object id="131" x="1721" y="65" width="100" height="100"/>
  <object id="132" x="1821" y="65" width="100" height="100"/>
  <object id="133" x="1921" y="65" width="14" height="100"/>
  <object id="134" x="1121" y="165" width="100" height="100"/>
  <object id="135" x="1221" y="165" width="100" height="100"/>
  <object id="136" x="1321" y="165" width="100" height="100"/>
  <object id="137" x="1421" y="165" width="100" height="100"/>
  <object id="138" x="1521" y="165" width="100" height="100"/>
  <object id="139" x="1621" y="165" width="100" height="100"/>
  <object id="140" x="1721" y="165" width="100" height="100"/>
  <object id="141" x="1821" y="165" width="100" height="100"/>
  <object id="142" x="1921" y="165" width="14" height="100"/>
  <object id="143" x="1121" y="265" width="100" height="100"/>
  <object id="144" x="1221" y="265" width="100" height="100"/>
  <object id="145" x="1321" y="265" width="100" height="100"/>
  <object id="146" x="1421" y="265" width="100" height="100"/>
  <object id="147" x="1521" y="265" width="100" height="100"/>
  <object id="148" x="1621" y="265" width="100" height="100"/>
  <object id="149" x="1721" y="265" width="100" height="100"/>
  <object id="150" x="1821" y="265" width="100" height="100"/>
  <object id="151" x="1921" y="265" width="14" height="100"/>
  <object id="152" x="1121" y="365" width="100" height="100"/>
  <object id="153" x="1221" y="365" width="100" height="100"/>
  <object id="154" x="1321" y="365" width="100" height="100"/>
  <object id="155" x="1421" y="365" width="100" height="100"/>
  <object id="156" x="1521" y="365" width="100" height="100"/>
  <object id="157" x="1621" y="365" width="100" height="100"/>
  <object id="158" x="1721" y="365" width="100" height="100"/>
  <object id="159" x="1821" y="365" width="100" height="100"/>
  <object id="160" x="1921" y="365" width="14" height="100"/>
  <object id="161" x="1121" y="465" width="100" height="100"/>
  <object id="162" x="1221" y="465" width="100" height="100"/>
  <object id="163" x="1321" y="465" width="100" height="100"/>
  <object id="164" x="1421" y="465" width="100" height="100"/>
  <object id="165" x="1521" y="465" width="100" height="100"/>
  <object id="166" x="1621" y="465" width="100" height="100"/>
  <object id="167" x="1721" y="465" width="100" height="100"/>
  <object id="168" x="1821" y="465" width="100" height="100"/>
  <object id="169" x="1921" y="465" width="20" height="100"/>
  <object id="170" x="1121" y="565" width="100" height="100"/>
  <object id="171" x="1221" y="565" width="100" height="100"/>
  <object id="172" x="1321" y="565" width="100" height="100"/>
  <object id="173" x="1421" y="565" width="100" height="100"/>
  <object id="174" x="1521" y="565" width="100" height="100"/>
  <object id="175" x="1621" y="565" width="100" height="100"/>
  <object id="176" x="1721" y="565" width="100" height="100"/>
  <object id="177" x="1821" y="565" width="100" height="100"/>
  <object id="178" x="1921" y="565" width="20" height="100"/>
  <object id="179" x="1121" y="665" width="100" height="100"/>
  <object id="180" x="1221" y="665" width="100" height="100"/>
  <object id="181" x="1321" y="665" width="100" height="100"/>
  <object id="182" x="1421" y="665" width="100" height="100"/>
  <object id="183" x="1521" y="665" width="100" height="100"/>
  <object id="184" x="1621" y="665" width="100" height="100"/>
  <object id="185" x="1721" y="665" width="100" height="100"/>
  <object id="186" x="1821" y="665" width="100" height="100"/>
  <object id="187" x="1921" y="665" width="20" height="100"/>
  <object id="188" x="1121" y="765" width="100" height="100"/>
  <object id="189" x="1221" y="765" width="100" height="100"/>
  <object id="190" x="1321" y="765" width="100" height="100"/>
  <object id="191" x="1421" y="765" width="100" height="100"/>
  <object id="192" x="1521" y="765" width="100" height="100"/>
  <object id="193" x="1621" y="765" width="100" height="100"/>
  <object id="194" x="1721" y="765" width="100" height="100"/>
  <object id="195" x="1821" y="765" width="100" height="100"/>
  <object id="196" x="1921" y="765" width="20" height="100"/>
  <object id="197" x="1121" y="865" width="100" height="100"/>
  <object id="198" x="1221" y="865" width="100" height="100"/>
  <object id="199" x="1321" y="865" width="100" height="100"/>
  <object id="200" x="1421" y="865" width="100" height="100"/>
  <object id="201" x="1521" y="865" width="100" height="100"/>
  <object id="202" x="1621" y="865" width="100" height="100"/>
  <object id="203" x="1721" y="865" width="100" height="100"/>
  <object id="204" x="1821" y="865" width="100" height="100"/>
  <object id="205" x="1921" y="865" width="14" height="100"/>
  <object id="206" x="81" y="274" width="100" height="100"/>
  <object id="215" x="181" y="274" width="100" height="100"/>
  <object id="216" x="281" y="274" width="100" height="100"/>
  <object id="217" x="381" y="274" width="34" height="100"/>
  <object id="218" x="81" y="374" width="100" height="100"/>
  <object id="219" x="181" y="374" width="100" height="100"/>
  <object id="220" x="281" y="374" width="100" height="100"/>
  <object id="221" x="381" y="374" width="34" height="100"/>
  <object id="222" x="81" y="474" width="100" height="100"/>
  <object id="223" x="181" y="474" width="100" height="100"/>
  <object id="224" x="281" y="474" width="100" height="100"/>
  <object id="225" x="381" y="474" width="40" height="100"/>
  <object id="226" x="81" y="574" width="100" height="100"/>
  <object id="227" x="181" y="574" width="100" height="100"/>
  <object id="228" x="281" y="574" width="100" height="100"/>
  <object id="229" x="381" y="574" width="40" height="100"/>
  <object id="230" x="81" y="674" width="100" height="100"/>
  <object id="231" x="181" y="674" width="100" height="100"/>
  <object id="232" x="281" y="674" width="100" height="100"/>
  <object id="233" x="381" y="674" width="40" height="100"/>
  <object id="234" x="81" y="774" width="100" height="100"/>
  <object id="235" x="181" y="774" width="100" height="100"/>
  <object id="236" x="281" y="774" width="100" height="100"/>
  <object id="237" x="381" y="774" width="40" height="100"/>
  <object id="238" x="81" y="874" width="100" height="100"/>
  <object id="239" x="181" y="874" width="100" height="100"/>
  <object id="240" x="281" y="874" width="100" height="100"/>
  <object id="241" x="381" y="874" width="34" height="100"/>
  <object id="242" x="81" y="974" width="100" height="58"/>
  <object id="243" x="181" y="974" width="100" height="58"/>
  <object id="244" x="281" y="974" width="100" height="58"/>
  <object id="245" x="381" y="974" width="34" height="87"/>
  <object id="246" x="2641" y="274" width="100" height="100"/>
  <object id="247" x="2741" y="274" width="100" height="100"/>
  <object id="248" x="2841" y="274" width="100" height="100"/>
  <object id="249" x="2641" y="374" width="100" height="100"/>
  <object id="250" x="2741" y="374" width="100" height="100"/>
  <object id="251" x="2841" y="374" width="100" height="100"/>
  <object id="252" x="2641" y="474" width="100" height="100"/>
  <object id="253" x="2741" y="474" width="100" height="100"/>
  <object id="254" x="2841" y="474" width="100" height="100"/>
  <object id="255" x="2641" y="574" width="100" height="100"/>
  <object id="256" x="2741" y="574" width="100" height="100"/>
  <object id="257" x="2841" y="574" width="100" height="100"/>
  <object id="258" x="2641" y="674" width="100" height="100"/>
  <object id="259" x="2741" y="674" width="100" height="100"/>
  <object id="260" x="2841" y="674" width="100" height="100"/>
  <object id="261" x="2641" y="774" width="100" height="100"/>
  <object id="262" x="2741" y="774" width="100" height="100"/>
  <object id="263" x="2841" y="774" width="100" height="100"/>
  <object id="264" x="2641" y="874" width="100" height="100"/>
  <object id="265" x="2741" y="874" width="100" height="100"/>
  <object id="266" x="2841" y="874" width="100" height="100"/>
  <object id="267" x="2641" y="974" width="100" height="58"/>
  <object id="268" x="2741" y="974" width="100" height="58"/>
  <object id="269" x="2841" y="974" width="100" height="58"/>
  <object id="286" x="451" y="508" width="100" height="100"/>
  <object id="287" x="551" y="508" width="100" height="100"/>
  <object id="288" x="651" y="508" width="100" height="100"/>
  <object id="289" x="751" y="508" width="100" height="100"/>
  <object id="290" x="851" y="508" width="100" height="100"/>
  <object id="291" x="951" y="508" width="100" height="100"/>
  <object id="292" x="1051" y="508" width="35" height="100"/>
  <object id="293" x="451" y="608" width="100" height="100"/>
  <object id="294" x="551" y="608" width="100" height="100"/>
  <object id="295" x="651" y="608" width="100" height="100"/>
  <object id="296" x="751" y="608" width="100" height="100"/>
  <object id="297" x="851" y="608" width="100" height="100"/>
  <object id="298" x="951" y="608" width="100" height="100"/>
  <object id="299" x="1051" y="608" width="35" height="100"/>
  <object id="300" x="451" y="708" width="100" height="100"/>
  <object id="301" x="551" y="708" width="100" height="100"/>
  <object id="302" x="651" y="708" width="100" height="100"/>
  <object id="303" x="751" y="708" width="100" height="100"/>
  <object id="304" x="851" y="708" width="100" height="100"/>
  <object id="305" x="951" y="708" width="100" height="100"/>
  <object id="306" x="1051" y="708" width="35" height="100"/>
  <object id="307" x="451" y="808" width="100" height="60"/>
  <object id="308" x="551" y="808" width="100" height="60"/>
  <object id="309" x="651" y="808" width="100" height="60"/>
  <object id="310" x="751" y="808" width="100" height="60"/>
  <object id="311" x="851" y="808" width="100" height="60"/>
  <object id="312" x="951" y="808" width="100" height="60"/>
  <object id="313" x="1051" y="808" width="35" height="79"/>
  <object id="314" x="1970" y="508" width="100" height="100"/>
  <object id="315" x="2070" y="508" width="100" height="100"/>
  <object id="316" x="2170" y="508" width="100" height="100"/>
  <object id="317" x="2270" y="508" width="100" height="100"/>
  <object id="318" x="2370" y="508" width="100" height="100"/>
  <object id="319" x="2470" y="508" width="100" height="100"/>
  <object id="320" x="2570" y="508" width="35" height="100"/>
  <object id="321" x="1970" y="608" width="100" height="100"/>
  <object id="322" x="2070" y="608" width="100" height="100"/>
  <object id="323" x="2170" y="608" width="100" height="100"/>
  <object id="324" x="2270" y="608" width="100" height="100"/>
  <object id="325" x="2370" y="608" width="100" height="100"/>
  <object id="326" x="2470" y="608" width="100" height="100"/>
  <object id="327" x="2570" y="608" width="35" height="100"/>
  <object id="328" x="1970" y="708" width="100" height="100"/>
  <object id="329" x="2070" y="708" width="100" height="100"/>
  <object id="330" x="2170" y="708" width="100" height="100"/>
  <object id="331" x="2270" y="708" width="100" height="100"/>
  <object id="332" x="2370" y="708" width="100" height="100"/>
  <object id="333" x="2470" y="708" width="100" height="100"/>
  <object id="334" x="2570" y="708" width="35" height="100"/>
  <object id="335" x="1970" y="808" width="100" height="60"/>
  <object id="336" x="2070" y="808" width="100" height="60"/>
  <object id="337" x="2170" y="808" width="100" height="60"/>
  <object id="338" x="2270" y="808" width="100" height="60"/>
  <object id="339" x="2370" y="808" width="100" height="60"/>
  <object id="340" x="2470" y="808" width="100" height="60"/>
  <object id="341" x="2570" y="808" width="35" height="81"/>
  <object id="350" x="2941" y="274" width="34" height="100"/>
  <object id="351" x="2941" y="374" width="34" height="100"/>
  <object id="352" x="2941" y="474" width="34" height="100"/>
  <object id="353" x="2941" y="574" width="34" height="100"/>
  <object id="354" x="2941" y="674" width="34" height="100"/>
  <object id="355" x="2941" y="774" width="34" height="100"/>
  <object id="356" x="2941" y="874" width="34" height="100"/>
  <object id="357" x="2941" y="974" width="34" height="86"/>
 </objectgroup>
