    <floor>
        <tile>
            <position x="1121" y="65" />
            <size w="100" h="100" />
        </tile>
        <tile>
            <position x="1221" y="65" />
            <size w="100" h="100" />
        </tile>
        <tile>
            <position x="1321" y="65" />
            <size w="100" h="100" />
        </tile>
        <tile>
            <position x="1421" y="65" />
            <size w="100" h="100" />
        </tile>
        <tile>
            <position x="1521" y="65" />
            <size w="100" h="100" />
        </tile>
        <tile>
            <position x="1621" y="65" />
            <size w="100" h="100" />
        </tile>
        <tile>
            <position x="1721" y="65" />
            <size w="100" h="100" />
        </tile>
        <tile>
            <position x="1821" y="65" />
            <size w="100" h="100" />
        </tile>
        <tile>
            <position x="1921" y="65" />
            <size w="14" h="100" />
        </tile>
        <tile>
            <position x="1121" y="165" />
            <size w="100" h="100" />
        </tile>
        <tile>
            <position x="1221" y="165" />
            <size w="100" h="100" />
        </tile>
        <tile>
            <position x="1321" y="165" />
            <size w="100" h="100" />
        </tile>
        <tile>
            <position x="1421" y="165" />
            <size w="100" h="100" />
        </tile>
        <tile>
            <position x="1521" y="165" />
            <size w="100" h="100" />
        </tile>
        <tile>
            <position x="1621" y="165" />
            <size w="100" h="100" />
        </tile>
        <tile>
            <position x="1721" y="165" />
            <size w="100" h="100" />
        </tile>
        <tile>
            <position x="1821" y="165" />
            <size w="100" h="100" />
        </tile>
        <tile>
            <position x="1921" y="165" />
            <size w="14" h="100" />
        </tile>
        <tile>
            <position x="1121" y="265" />
            <size w="100" h="100" />
        </tile>
        <tile>
            <position x="1221" y="265" />
            <size w="100" h="100" />
        </tile>
        <tile>
            <position x="1321" y="265" />
            <size w="100" h="100" />
        </tile>
        <tile>
            <position x="1421" y="265" />
            <size w="100" h="100" />
        </tile>
        <tile>
            <position x="1521" y="265" />
            <size w="100" h="100" />
        </tile>
        <tile>
            <position x="1621" y="265" />
            <size w="100" h="100" />
        </tile>
        <tile>
            <position x="1721" y="265" />
            <size w="100" h="100" />
        </tile>
        <tile>
            <position x="1821" y="265" />
            <size w="100" h="100" />
        </tile>
        <tile>
            <position x="1921" y="265" />
            <size w="14" h="100" />
        </tile>
        <tile>
            <position x="1121" y="365" />
            <size w="100" h="100" />
        </tile>
        <tile>
            <position x="1221" y="365" />
            <size w="100" h="100" />
        </tile>
        <tile>
            <position x="1321" y="365" />
            <size w="100" h="100" />
        </tile>
        <tile>
            <position x="1421" y="365" />
            <size w="100" h="100" />
        </tile>
        <tile>
            <position x="1521" y="365" />
            <size w="100" h="100" />
        </tile>
        <tile>
            <position x="1621" y="365" />
            <size w="100" h="100" />
        </tile>
        <tile>
            <position x="1721" y="365" />
            <size w="100" h="100" />
        </tile>
        <tile>
            <position x="1821" y="365" />
            <size w="100" h="100" />
        </tile>
        <tile>
            <position x="1921" y="365" />
            <size w="14" h="100" />
        </tile>
        <tile>
            <position x="1121" y="465" />
            <size w="100" h="100" />
        </tile>
        <tile>
            <position x="1221" y="465" />
            <size w="100" h="100" />
        </tile>
        <tile>
            <position x="1321" y="465" />
            <size w="100" h="100" />
        </tile>
        <tile>
            <position x="1421" y="465" />
            <size w="100" h="100" />
        </tile>
        <tile>
            <position x="1521" y="465" />
            <size w="100" h="100" />
        </tile>
        <tile>
            <position x="1621" y="465" />
            <size w="100" h="100" />
        </tile>
        <tile>
            <position x="1721" y="465" />
            <size w="100" h="100" />
        </tile>
        <tile>
            <position x="1821" y="465" />
            <size w="100" h="100" />
        </tile>
        <tile>
            <position x="1921" y="465" />
            <size w="20" h="100" />
        </tile>
        <tile>
            <position x="1121" y="565" />
            <size w="100" h="100" />
        </tile>
        <tile>
            <position x="1221" y="565" />
            <size w="100" h="100" />
        </tile>
        <tile>
            <position x="1321" y="565" />
            <size w="100" h="100" />
        </tile>
        <tile>
            <position x="1421" y="565" />
            <size w="100" h="100" />
        </tile>
        <tile>
            <position x="1521" y="565" />
            <size w="100" h="100" />
        </tile>
        <tile>
            <position x="1621" y="565" />
            <size w="100" h="100" />
        </tile>
        <tile>
            <position x="1721" y="565" />
            <size w="100" h="100" />
        </tile>
        <tile>
            <position x="1821" y="565" />
            <size w="100" h="100" />
        </tile>
        <tile>
            <position x="1921" y="565" />
            <size w="20" h="100" />
        </tile>
        <tile>
            <position x="1121" y="665" />
            <size w="100" h="100" />
        </tile>
        <tile>
            <position x="1221" y="665" />
            <size w="100" h="100" />
        </tile>
        <tile>
            <position x="1321" y="665" />
            <size w="100" h="100" />
        </tile>
        <tile>
            <position x="1421" y="665" />
            <size w="100" h="100" />
        </tile>
        <tile>
            <position x="1521" y="665" />
            <size w="100" h="100" />
        </tile>
        <tile>
            <position x="1621" y="665" />
            <size w="100" h="100" />
        </tile>
        <tile>
            <position x="1721" y="665" />
            <size w="100" h="100" />
        </tile>
        <tile>
            <position x="1821" y="665" />
            <size w="100" h="100" />
        </tile>
        <tile>
            <position x="1921" y="665" />
            <size w="20" h="100" />
        </tile>
        <tile>
            <position x="1121" y="765" />
            <size w="100" h="100" />
        </tile>
        <tile>
            <position x="1221" y="765" />
            <size w="100" h="100" />
        </tile>
        <tile>
            <position x="1321" y="765" />
            <size w="100" h="100" />
        </tile>
        <tile>
            <position x="1421" y="765" />
            <size w="100" h="100" />
        </tile>
        <tile>
            <position x="1521" y="765" />
            <size w="100" h="100" />
        </tile>
        <tile>
            <position x="1621" y="765" />
            <size w="100" h="100" />
        </tile>
        <tile>
            <position x="1721" y="765" />
            <size w="100" h="100" />
        </tile>
        <tile>
            <position x="1821" y="765" />
            <size w="100" h="100" />
        </tile>
        <tile>
            <position x="1921" y="765" />
            <size w="20" h="100" />
        </tile>
        <tile>
            <position x="1121" y="865" />
            <size w="100" h="100" />
        </tile>
        <tile>
            <position x="1221" y="865" />
            <size w="100" h="100" />
        </tile>
        <tile>
            <position x="1321" y="865" />
            <size w="100" h="100" />
        </tile>
        <tile>
            <position x="1421" y="865" />
            <size w="100" h="100" />
        </tile>
        <tile>
            <position x="1521" y="865" />
            <size w="100" h="100" />
        </tile>
        <tile>
            <position x="1621" y="865" />
            <size w="100" h="100" />
        </tile>
        <tile>
            <position x="1721" y="865" />
            <size w="100" h="100" />
        </tile>
        <tile>
            <position x="1821" y="865" />
            <size w="100" h="100" />
        </tile>
        <tile>
            <position x="1921" y="865" />
            <size w="14" h="100" />
        </tile>
        <tile>
            <position x="81" y="274" />
            <size w="100" h="100" />
        </tile>
        <tile>
            <position x="181" y="274" />
            <size w="100" h="100" />
        </tile>
        <tile>
            <position x="281" y="274" />
            <size w="100" h="100" />
        </tile>
        <tile>
            <position x="381" y="274" />
            <size w="34" h="100" />
        </tile>
        <tile>
            <position x="81" y="374" />
            <size w="100" h="100" />
        </tile>
        <tile>
            <position x="181" y="374" />
            <size w="100" h="100" />
        </tile>
        <tile>
            <position x="281" y="374" />
            <size w="100" h="100" />
        </tile>
        <tile>
            <position x="381" y="374" />
            <size w="34" h="100" />
        </tile>
        <tile>
            <position x="81" y="474" />
            <size w="100" h="100" />
        </tile>
        <tile>
            <position x="181" y="474" />
            <size w="100" h="100" />
        </tile>
        <tile>
            <position x="281" y="474" />
            <size w="100" h="100" />
        </tile>
        <tile>
            <position x="381" y="474" />
            <size w="40" h="100" />
        </tile>
        <tile>
            <position x="81" y="574" />
            <size w="100" h="100" />
        </tile>
        <tile>
            <position x="181" y="574" />
            <size w="100" h="100" />
        </tile>
        <tile>
            <position x="281" y="574" />
            <size w="100" h="100" />
        </tile>
        <tile>
            <position x="381" y="574" />
            <size w="40" h="100" />
        </tile>
        <tile>
            <position x="81" y="674" />
            <size w="100" h="100" />
        </tile>
        <tile>
            <position x="181" y="674" />
            <size w="100" h="100" />
        </tile>
        <tile>
            <position x="281" y="674" />
            <size w="100" h="100" />
        </tile>
        <tile>
            <position x="381" y="674" />
            <size w="40" h="100" />
        </tile>
        <tile>
            <position x="81" y="774" />
            <size w="100" h="100" />
        </tile>
        <tile>
            <position x="181" y="774" />
            <size w="100" h="100" />
        </tile>
        <tile>
            <position x="281" y="774" />
            <size w="100" h="100" />
        </tile>
        <tile>
            <position x="381" y="774" />
            <size w="40" h="100" />
        </tile>
        <tile>
            <position x="81" y="874" />
            <size w="100" h="100" />
        </tile>
        <tile>
            <position x="181" y="874" />
            <size w="100" h="100" />
        </tile>
        <tile>
            <position x="281" y="874" />
            <size w="100" h="100" />
        </tile>
        <tile>
            <position x="381" y="874" />
            <size w="34" h="100" />
        </tile>
        <tile>
            <position x="81" y="974" />
            <size w="100" h="58" />
        </tile>
        <tile>
            <position x="181" y="974" />
            <size w="100" h="58" />
        </tile>
        <tile>
            <position x="281" y="974" />
            <size w="100" h="58" />
        </tile>
        <tile>
            <position x="381" y="974" />
            <size w="34" h="87" />
        </tile>
        <tile>
            <position x="2641" y="274" />
            <size w="100" h="100" />
        </tile>
        <tile>
            <position x="2741" y="274" />
            <size w="100" h="100" />
        </tile>
        <tile>
            <position x="2841" y="274" />
            <size w="100" h="100" />
        </tile>
        <tile>
            <position x="2641" y="374" />
            <size w="100" h="100" />
        </tile>
        <tile>
            <position x="2741" y="374" />
            <size w="100" h="100" />
        </tile>
        <tile>
            <position x="2841" y="374" />
            <size w="100" h="100" />
        </tile>
        <tile>
            <position x="2641" y="474" />
            <size w="100" h="100" />
        </tile>
        <tile>
            <position x="2741" y="474" />
            <size w="100" h="100" />
        </tile>
        <tile>
            <position x="2841" y="474" />
            <size w="100" h="100" />
        </tile>
        <tile>
            <position x="2641" y="574" />
            <size w="100" h="100" />
        </tile>
        <tile>
            <position x="2741" y="574" />
            <size w="100" h="100" />
        </tile>
        <tile>
            <position x="2841" y="574" />
            <size w="100" h="100" />
        </tile>
        <tile>
            <position x="2641" y="674" />
            <size w="100" h="100" />
        </tile>
        <tile>
            <position x="2741" y="674" />
            <size w="100" h="100" />
        </tile>
        <tile>
            <position x="2841" y="674" />
            <size w="100" h="100" />
        </tile>
        <tile>
            <position x="2641" y="774" />
            <size w="100" h="100" />
        </tile>
        <tile>
            <position x="2741" y="774" />
            <size w="100" h="100" />
        </tile>
        <tile>
            <position x="2841" y="774" />
            <size w="100" h="100" />
        </tile>
        <tile>
            <position x="2641" y="874" />
            <size w="100" h="100" />
        </tile>
        <tile>
            <position x="2741" y="874" />
            <size w="100" h="100" />
        </tile>
        <tile>
            <position x="2841" y="874" />
            <size w="100" h="100" />
        </tile>
        <tile>
            <position x="2641" y="974" />
            <size w="100" h="58" />
        </tile>
        <tile>
            <position x="2741" y="974" />
            <size w="100" h="58" />
        </tile>
        <tile>
            <position x="2841" y="974" />
            <size w="100" h="58" />
        </tile>
        <tile>
            <position x="451" y="508" />
            <size w="100" h="100" />
        </tile>
        <tile>
            <position x="551" y="508" />
            <size w="100" h="100" />
        </tile>
        <tile>
            <position x="651" y="508" />
            <size w="100" h="100" />
        </tile>
        <tile>
            <position x="751" y="508" />
            <size w="100" h="100" />
        </tile>
        <tile>
            <position x="851" y="508" />
            <size w="100" h="100" />
        </tile>
        <tile>
            <position x="951" y="508" />
            <size w="100" h="100" />
        </tile>
        <tile>
            <position x="1051" y="508" />
            <size w="35" h="100" />
        </tile>
        <tile>
            <position x="451" y="608" />
            <size w="100" h="100" />
        </tile>
        <tile>
            <position x="551" y="608" />
            <size w="100" h="100" />
        </tile>
        <tile>
            <position x="651" y="608" />
            <size w="100" h="100" />
        </tile>
        <tile>
            <position x="751" y="608" />
            <size w="100" h="100" />
        </tile>
        <tile>
            <position x="851" y="608" />
            <size w="100" h="100" />
        </tile>
        <tile>
            <position x="951" y="608" />
            <size w="100" h="100" />
        </tile>
        <tile>
            <position x="1051" y="608" />
            <size w="35" h="100" />
        </tile>
        <tile>
            <position x="451" y="708" />
            <size w="100" h="100" />
        </tile>
        <tile>
            <position x="551" y="708" />
            <size w="100" h="100" />
        </tile>
        <tile>
            <position x="651" y="708" />
            <size w="100" h="100" />
        </tile>
        <tile>
            <position x="751" y="708" />
            <size w="100" h="100" />
        </tile>
        <tile>
            <position x="851" y="708" />
            <size w="100" h="100" />
        </tile>
        <tile>
            <position x="951" y="708" />
            <size w="100" h="100" />
        </tile>
        <tile>
            <position x="1051" y="708" />
            <size w="35" h="100" />
        </tile>
        <tile>
            <position x="451" y="808" />
            <size w="100" h="60" />
        </tile>
        <tile>
            <position x="551" y="808" />
            <size w="100" h="60" />
        </tile>
        <tile>
            <position x="651" y="808" />
            <size w="100" h="60" />
        </tile>
        <tile>
            <position x="751" y="808" />
            <size w="100" h="60" />
        </tile>
        <tile>
            <position x="851" y="808" />
            <size w="100" h="60" />
        </tile>
        <tile>
            <position x="951" y="808" />
            <size w="100" h="60" />
        </tile>
        <tile>
            <position x="1051" y="808" />
            <size w="35" h="79" />
        </tile>
        <tile>
            <position x="1970" y="508" />
            <size w="100" h="100" />
        </tile>
        <tile>
            <position x="2070" y="508" />
            <size w="100" h="100" />
        </tile>
        <tile>
            <position x="2170" y="508" />
            <size w="100" h="100" />
        </tile>
        <tile>
            <position x="2270" y="508" />
            <size w="100" h="100" />
        </tile>
        <tile>
            <position x="2370" y="508" />
            <size w="100" h="100" />
        </tile>
        <tile>
            <position x="2470" y="508" />
            <size w="100" h="100" />
        </tile>
        <tile>
            <position x="2570" y="508" />
            <size w="35" h="100" />
        </tile>
        <tile>
            <position x="1970" y="608" />
            <size w="100" h="100" />
        </tile>
        <tile>
            <position x="2070" y="608" />
            <size w="100" h="100" />
        </tile>
        <tile>
            <position x="2170" y="608" />
            <size w="100" h="100" />
        </tile>
        <tile>
            <position x="2270" y="608" />
            <size w="100" h="100" />
        </tile>
        <tile>
            <position x="2370" y="608" />
            <size w="100" h="100" />
        </tile>
        <tile>
            <position x="2470" y="608" />
            <size w="100" h="100" />
        </tile>
        <tile>
            <position x="2570" y="608" />
            <size w="35" h="100" />
        </tile>
        <tile>
            <position x="1970" y="708" />
            <size w="100" h="100" />
        </tile>
        <tile>
            <position x="2070" y="708" />
            <size w="100" h="100" />
        </tile>
        <tile>
            <position x="2170" y="708" />
            <size w="100" h="100" />
        </tile>
        <tile>
            <position x="2270" y="708" />
            <size w="100" h="100" />
        </tile>
        <tile>
            <position x="2370" y="708" />
            <size w="100" h="100" />
        </tile>
        <tile>
            <position x="2470" y="708" />
            <size w="100" h="100" />
        </tile>
        <tile>
            <position x="2570" y="708" />
            <size w="35" h="100" />
        </tile>
        <tile>
            <position x="1970" y="808" />
            <size w="100" h="60" />
        </tile>
        <tile>
            <position x="2070" y="808" />
            <size w="100" h="60" />
        </tile>
        <tile>
            <position x="2170" y="808" />
            <size w="100" h="60" />
        </tile>
        <tile>
            <position x="2270" y="808" />
            <size w="100" h="60" />
        </tile>
        <tile>
            <position x="2370" y="808" />
            <size w="100" h="60" />
        </tile>
        <tile>
            <position x="2470" y="808" />
            <size w="100" h="60" />
        </tile>
        <tile>
            <position x="2570" y="808" />
            <size w="35" h="81" />
        </tile>
        <tile>
            <position x="2941" y="274" />
            <size w="34" h="100" />
        </tile>
        <tile>
            <position x="2941" y="374" />
            <size w="34" h="100" />
        </tile>
        <tile>
            <position x="2941" y="474" />
            <size w="34" h="100" />
        </tile>
        <tile>
            <position x="2941" y="574" />
            <size w="34" h="100" />
        </tile>
        <tile>
            <position x="2941" y="674" />
            <size w="34" h="100" />
        </tile>
        <tile>
            <position x="2941" y="774" />
            <size w="34" h="100" />
        </tile>
        <tile>
            <position x="2941" y="874" />
            <size w="34" h="100" />
        </tile>
        <tile>
            <position x="2941" y="974" />
            <size w="34" h="86" />
        </tile>
    </floor>
